published_at,source,title,description,url
2026-09-08,SoraNews24,"Starbucks Japan proves Pumpkin Spice is NOT dead, with a new take for autumn","Exclusive lineup breathes new life into the Pumpkin Spice Latte, and serves up other designer beverages too.  There’s been a lot of talk recently about the death of Pumpkin Spice, with experts saying online data indicates the hype for it is over, as many youn…",https://soranews24.com/2026/09/08/starbucks-japan-proves-pumpkin-spice-is-not-dead-with-a-new-take-for-autumn/
2026-09-07,Slickdeals.net,[Rumor] Free Pumpkin Spice Latte (Hot or Cold) from 2pm to 6pm at Dunkin Donuts on 9/8,"Update: Code should drop at 12pm EST on 9/8

Please note this has not be confirmed anywhere officially but supposedly Dunkin Donuts will be offering on 9/8 one Free Any Sized Hot or Iced Pumpkin Spice",https://slickdeals.net/f/19984113-rumor-free-pumpkin-spice-latte-hot-or-cold-from-2pm-to-6pm-at-dunkin-donuts-on-9-8
2026-09-06,Acecomments.mu.nu,"Sunday Morning Book Thread - 8-30-2026 [""Perfessor"" Squirrel]","Welcome to the prestigious, internationally acclaimed, stately, and illustrious Sunday Morning Book Thread! The place where all readers are welcome, regardless of whatever guilty pleasure we feel like reading (pumpkin spice latte not included). Here is where …",https://acecomments.mu.nu/?post=421264
2026-09-04,Smartbitchestrashybooks.com,September 2026 Queer Romances,"With fall nipping at our noses, everyone seems to be in the mood for the queer romance equivalent of a pumpkin spice latte this month, so let’s get to it and mix it up a bit!",https://smartbitchestrashybooks.com/2026/09/september-2026-queer-romances/
2026-09-01,SB Nation,Tottenham 0-2 Newcastle: player ratings to the theme of latte flavors,"It’s that time of year again, when the dog days and heat of summer begin to make way to crisper, cooler temperatures, the leaves begin to change color, and the historical warming spices come out from their long hibernation and emerge back into the sunlight. Y…",https://cartilagefreecaptain.sbnation.com/community-player-ratings/73316/tottenham-0-2-newcastle-player-ratings-to-the-theme-of-latte-flavors
2026-08-30,Cheezburger.com,A Pumpkin Spice Latte Full of Feline Funnies to Welcome Fall With Open Paws,"Fall is days away, and that means that it's time to get out the pumpkin spice lattes and the delicious cat memes. 
There is nothing quite like summer. The sun, the ice creams, the iced coffees and flip-flops. Don't get us wrong, we love summer. But mentally,…",https://cheezburger.com/46547461/a-pumpkin-spice-latte-full-of-feline-funnies-to-welcome-fall-with-open-paws
2026-08-28,Biztoc.com,"I tried all 14 Starbucks fall drinks, including its new Chaider. Here are the 4 I'd get again","I've never had more cinnamon in my life.
Gabbi Shaw/Business Insider
The Starbucks fall menu is officially here.
Along with the old favorite, the Pumpkin Spice Latte, there are 13 other drinks available this year.
The Pumpkin Cream Cold Brew and the Pecan Cor…",https://biztoc.com/x/040e2e53688a42b5
2026-08-27,Biztoc.com,Please Stop Posting Your Kids’ Back-To-School Pictures on Instagram,"As the Pumpkin Spice Latte makes its grand return to Starbucks’ seasonal lineup and Target runs out of school supplies, mothers everywhere brace themselves for a couple of days of social media fatigue: the beginning of September, when our feeds are drenched i…",https://biztoc.com/x/22dcb7da320b5042
2026-08-26,disneyfoodblog.com,This Starbucks x Disney Collection Was Made For Pumpkin Spice Fans!,"Disney and Starbucks released the most amazing Pumpkin Spice Latte collection, you NEED to see!",https://www.disneyfoodblog.com/2026/08/26/this-starbucks-x-disney-collection-was-made-for-pumpkin-spice-fans/
2026-08-26,Eatingbirdfood.com,Pumpkin Spice Latte Overnight Oats,"These pumpkin spice latte overnight oats combine pumpkin, espresso and warm fall spices for a cozy breakfast that tastes like your favorite fall drink. They’re packed with 28 grams of protein and perfect for meal prep!",https://www.eatingbirdfood.com/pumpkin-spice-latte-overnight-oats/
2026-08-26,Eonline.com,Anthropologie's End of Summer Sale Kicks Off With 50% Off Dresses,"Fall may be calling your name (it is pumpkin spice latte season after all), but if you're not quite ready to let go of summer just yet, allow these dress deals from Anthropologie's End of Summer...",https://www.eonline.com/news/1435422/anthropologie-labor-day-weekend-sale-best-fashion-deals
2026-08-26,Fox News,Pumpkin spice invades summer as Americans kickstart fall traditions earlier than ever,"Demand for pumpkin spice latte spiked two weeks earlier than 2021, and 49% of consumers now start Halloween shopping before October even begins.",https://www.foxnews.com/food-drink/pumpkin-spice-invades-summer-americans-kickstart-fall-traditions-earlier-than-ever
2026-08-26,Livejournal.com,Martha Stewart & Belmont Cameli promote Starbucks' Pumpkin Spice Latte,https://instagram.com/p/DcbH1Lhtiy0 Pumpkin Spice Latte season is finally here! Starbucks dropped its Fall menu yesterday and to promote it Martha Stewart & Belmont Cameli (from Off Campus for the 'who?' crowd) appeared in a commercial togetherSome of the dri…,https://ohnotheydidnt.livejournal.com/132777969.html
2026-08-25,Slashdot.org,"Starbucks’ Pumpkin Spice Latte Is Back, Along With 6 All-New Drinks—and We Tried Them First - Allrecipes","Starbucks’ Pumpkin Spice Latte Is Back, Along With 6 All-New Drinks—and We Tried Them FirstAllrecipes Fall starts with StarbucksStarbucks The wait is over. Pumpkin Spice Latte returns to Starbucks todayUSA Today Starbucks’ New Pumpkin and Banana Drinks Launch…",https://slashdot.org/firehose.pl?op=view&amp;id=185141358
2026-08-25,Biztoc.com,Starbucks fall 2026 menu: PSL returns with Chaider and new drinks,"Starbucks launched its fall 2026 menu today, headlined by the return of the Pumpkin Spice Latte alongside six new beverages, including a chai-cider hybrid called the Chaider and two banana bread-inspired drinks.
The Chaider, which comes in hot and iced versio…",https://biztoc.com/x/dde4cd0771ebb94d
2026-08-25,Biztoc.com,"Starbucks to introduce new 'crisp' fall drink, bring back pumpkin spice latte - ABC News","It may still be summer, but Starbucks is embracing fall with a new menu release on Tuesday.
The coffee chain's iconic pumpkin spice latte is returning for its 23rd season and joining the pumpkin lineup are new cold drinks, including the iced pumpkin cream sha…",https://biztoc.com/x/8b630a273cf0b958
2026-08-25,The Times of India,"Starbucks Fall Menu 2026: Pumpkin Spice Latte returns with new drinks, food and PSL merchandise","Starbucks has unveiled its highly anticipated 2026 fall menu, featuring the return of the beloved Pumpkin Spice Latte. Among the new offerings are unique pumpkin, banana bread, and cider drinks. Additionally, customers can enjoy the Chicken Bacon Protein Pock…",https://economictimes.indiatimes.com/news/international/global-trends/starbucks-fall-menu-2026-pumpkin-spice-latte-returns-with-new-drinks-food-and-psl-merchandise/articleshow/133509784.cms
2026-08-25,Dailymail.com,Pumpkin spice season is here and coffee chains across America are fighting for a piece of the nation's fall obsession,"Starbucks is back with its iconic Pumpkin Spice Latte- but Dunkin', Dutch Bros. and other rivals are fighting to steal America's fall coffee dollars.",https://www.dailymail.com/yourmoney/article-16078737/pumpkin-spice-coffee-chains-america.html
2026-08-25,Ibtimes.com.au,Starbucks Unveils PSL Society Merchandise as Pumpkin Spice Latte Returns to Menus Aug. 25 With New Chaider,"Starbucks launches its fall menu with the return of the Pumpkin Spice Latte, new Chaider drink, and PSL Society merchandise, aiming to boost customer engagement and sales amid competitive challenges.",https://www.ibtimes.com.au/starbucks-fall-menu-2026-chaider-psl-merchandise-1874544
2026-08-25,Biztoc.com,"Dear Starbucks Stock Fans, Mark Your Calendars for August 25","Every fall, a certain orange cup shows up on social media feeds and coffee counters nationwide. For Starbucks (SBUX) shareholders, that cup means something more than nostalgia this year.
Aug. 25 marks the return of Pumpkin Spice Latte season at Starbucks coff…",https://biztoc.com/x/6e51b72730a22458
2026-08-25,Elite Daily,Starbucks' Fall 2026 Pumpkin Spice Latte Menu Is Here & I Tried It,"An honest review of the new pumpkin spice and banana bread drinks on Starbucks' 2026 fall menu, announced with the help of Belmont Cameli.",https://www.elitedaily.com/lifestyle/starbucks-fall-2026-psl-menu-review
2026-08-25,Common Dreams,"12,000 Starbucks Workers Call for Boycott of Law-Breaking Coffee Chain","Starbucks workers who have joined the unionizing effort that started in Buffalo, New York in 2021 and has spread to over 700 stores across the country called on all working people to show solidarity by boycotting the coffee chain, which has refused to finaliz…",https://www.commondreams.org/news/why-boycott-starbucks
2026-08-24,Brit + Co,A Flirty Belmont Cameli is FINALLY Onscreen Again For Starbucks' Pumpkin Spice Latte — With Martha Stewart,"If you're seriously missing Garrett Graham, do I have good news for you: you don't have to wait for Off-Campus season 2 to see Belmont Cameli onscreen again! Starbucks' Pumpkin Spice Latte returns to stores on August 25, 2026 (which is kind of crazy if you as…",https://www.brit.co/off-campus-belmont-cameli-martha-stewart-starbucks-pumpkin-spice-latte/
2026-08-24,Hip2save.com,Starbucks Pumpkin Spice Latte Returns August 25th,"Dust off your boots, crank the AC down to 60°, and pretend leaves are falling. PSL season is almost here! Starbucks‘ beloved Pumpkin Spice Latte returns nationwide on August 25th! Whether you take yours piping hot, poured over ice (because August is still sco…",https://hip2save.com/deals/starbucks-pumpkin-spice-latte/
2026-08-24,Biztoc.com,Make the Pumpkin Spice Latte Healthy Again,"On Tuesday, while much of the country is still running air conditioners, Starbucks will declare the unofficial beginning of fall with the return of the Pumpkin Spice Latte.
Sure, the timing feels absurd as we’re still sweating through our shorts, and the drin…",https://biztoc.com/x/23509b2cf34321f8
2026-08-20,Hip2save.com,*NEW* eos Pumpkin Chai Body Lotion Just $9.99 on Amazon,Calling all Pumpkin Spice Latte fans! ☕ HURRY over to Amazon to snag the new eos Shea Better Pumpkin Chai Body Lotion and Body Mist! eos Pumpkin Chai Body Lotion 16oz – $9.99 eos Pumpkin Chai Cashmere Body Mist 6oz – $12.99  Available for $12.98 on Walmart.…,https://hip2save.com/deals/eos-pumpkin-chai/
2026-08-19,Biztoc.com,Dunkin's fall menu with Pumpkin Spice Latte returns,"Dunkin' is getting a jump on autumn – and the pumpkin spice frenzy – by dropping its fall menu now.
The donut and coffee chain is bringing back seasonal favorites such as the Pumpkin Spice Signature Latte, Pumpkin Donut and Munchkin Donut Hole Treats, and the…",https://biztoc.com/x/1fab2ea32658adb4
2026-08-11,New York Post,Get your fall cozy on: This best-selling loungewear set is under $40 right now,A pumpkin spice latte tastes better with brand-new loungewear for fall.,https://nypost.com/2026/08/11/shopping/this-best-selling-loungewear-set-for-fall-is-under-40-right-now/
