post_id,author,created_at,likes,reposts,text
at://did:plc:fmnxiz47l623s2u32rn5mt7n/app.bsky.feed.post/3muki2hiq3225,user_046,2026-09-02 17:38:29.066000+00:00,11,0,"On a university campus having a pumpkin spice latte. 

Who even am I?!"
at://did:plc:leovd53mxkwpjnweumtjoplx/app.bsky.feed.post/3mukl7mxhas25,user_092,2026-09-02 18:35:03.800000+00:00,1,0,"Oh no....
When I ordered this giant Pumpkin Spice Latte, I forgot to specify ""Decaf.""
Someone may have to come scrap me off the walls soon."
at://did:plc:xupeee4aouzrwwu2cunpcgnd/app.bsky.feed.post/3muksii7p5c25,user_101,2026-09-02 20:45:17.009000+00:00,4,0,"Well, it IS Pumpkin spice latte season. 🎃"
at://did:plc:r4n3d6s2oaq3vtlkiqr56ici/app.bsky.feed.post/3mukvu3pyhk2z,user_018,2026-09-02 21:45:27.781000+00:00,50,10,Tori Amos invented the pumpkin spice latte.
at://did:plc:erexxh2dq2grcl7kcein2uni/app.bsky.feed.post/3mukxs2mvms2f,user_144,2026-09-02 22:20:07.013000+00:00,8,0,"Oh no, I fell for the trap

Pumpkin spice latte is actually pretty good"
at://did:plc:vvoxpunt5756k37hj4jbpgpa/app.bsky.feed.post/3mukz667z7k2j,user_031,2026-09-02 22:44:47.183000+00:00,3,1,"Oft Spice Pumpkin baristana þrēatum, monegum mǣgðum latte-setla oftēah."
at://did:plc:rgjvi3lxhytyzya6jywrywso/app.bsky.feed.post/3mul353h2d227,user_020,2026-09-02 23:19:58.197000+00:00,1,0,"I just learned ""PSL"" is slang for pumpkin spice latte ☕️"
at://did:plc:4nyj3vhlyc5czsfp4engy2se/app.bsky.feed.post/3mul4bctdck2x,user_116,2026-09-02 23:40:13.897000+00:00,337,80,"It's September, which means that soon it will be time to enjoy the cooler weather while watching the leaves fall, sipping on your pumpkin spice latte (or another hot beverage of choice).

12 slots, $140 each, done by September 22nd.

forms.gle/SFeKnhzshHrV..."
at://did:plc:y7lozczgkezewubqhhva56jy/app.bsky.feed.post/3mulai5y37s2d,user_041,2026-09-03 00:55:38.659000+00:00,1,0,My cupboard may have very recently acquired 2 boxes of 3 pack Krusteaz pumpkin spice multi-purpose baking mix. It needs to stop being balls hot before I indulge in a latte. I love them but not enough to give myself a hot flash.
at://did:plc:p66g6l6576j2zusnwozr3fmz/app.bsky.feed.post/3mulazuhxyk2c,user_087,2026-09-03 01:05:32.674000+00:00,2,0,"My idea of a pumpkin spice latte:
Cinnamon, ginger, nutmeg, cloves, allspice, and optionally a thai chili, simmered in milk until flavorful. Strain, add honey & pumpkin puree to taste, mix/froth, and pour over 2 shots of espresso or however much coffee you like. Im no barista but its tasty imo :P"
at://did:plc:ht4kpqcjklc7rhmztshiuj42/app.bsky.feed.post/3mulntp2l2c2l,user_118,2026-09-03 04:54:44.297000+00:00,1,1,Pumpkin spice latte. I want it freezing though.
at://did:plc:iq3nsiwplhvly4ghdfxt3uxo/app.bsky.feed.post/3mulr7cgjp223,user_075,2026-09-03 05:54:54.948000+00:00,4,0,"Another Fall Drink PSA since I was checking my emails…🍁

Pumpkin spice drinks are back in season at 85 Degree Bakery! 🎃

(Including their punpkin matcha oat latte!) 💚"
at://did:plc:72etj4peb3yxaen4e5knyhiu/app.bsky.feed.post/3mulxrpjk6c24,user_090,2026-09-03 07:52:35.109000+00:00,0,0,"Pumpkin spice latte and a huge pain au chocolat is helping, temporarily."
at://did:plc:gyzujxsgjoljtcsvro6a2mot/app.bsky.feed.post/3mum2h34iks2j,user_017,2026-09-03 08:40:19.388000+00:00,1,0,"My first pumpkin spice latte of the season.

I wonder how many I’ll get though between now and Thanksgiving.

Maybe I should count them this year and post each one here.

After all, isn’t this the sort of high quality content we’ve come to expect from BlueSky?

#pumpkinspicecount #pumpkinspice"
at://did:plc:rwrdvz5t5grdasatnzk7xiqe/app.bsky.feed.post/3mum33vabzs2m,user_047,2026-09-03 08:51:57.839000+00:00,0,0,"Pumpkin spice latte season is nearly here… & so is your sign to get those hair extensions. 🎃☕️✨

Longer, fuller, autumn-ready hair? Yes please. 🤎🍂

Because if we’re ordering the PSL, we might as well have the hair to match. 🧡

#PumpkinSpiceSeason #HairExtensions #AutumnHair #HairGoals #PSLSeason"
at://did:plc:6uqzbzupxtyj32ysp7ijipzc/app.bsky.feed.post/3mum7cxxhr226,user_079,2026-09-03 10:07:30.571000+00:00,0,0,"AUTUMN DIRNKS HAVE ARRIVED!
Indulge in the taste of Autumn at The Packing House Café and try one of our new Autumn drinks!
Pumpkin Spice Latte, White Chocolate Mocha, Honeycomb Hot Chocolate, Toasted Marshmallow Hot Chocolate and a selection of Seasonal Teas
Which will you choose?
#stokeontrent"
at://did:plc:cbxylfk6ouu6nv74iapzu6bu/app.bsky.feed.post/3mumhwz65ss2q,user_069,2026-09-03 12:41:52.859000+00:00,0,0,"The ‘ber months are here, which means it’s time for pumpkin spice season at Starbucks with these new drinks available at locations before and after security:

🎃 Pumpkin Spice Frappuccino
🧊 Iced Pumpkin Spice Latte
🍁 Maple Pecan Macchiato
🍏 Iced Apple Crumble Matcha Latte"
at://did:plc:5btucakevkyit3mwglcxvlhz/app.bsky.feed.post/3mumiw3bydc2m,user_071,2026-09-03 12:59:15.272000+00:00,4,0,"It’s September 3rd, and I’m having my first Pumpkin Spice Latte of the year. 

Happy early fall season, folks!"
at://did:plc:zov77gn5u35rm54iiygegqlf/app.bsky.feed.post/3mumiypmoq22b,user_052,2026-09-03 13:00:43.699000+00:00,19,0,I wish I had a Pumpkin Spice Latte to start my day 😭
at://did:plc:yxai2tspxc5f3dduoh7j33tm/app.bsky.feed.post/3mumjc2epms2u,user_150,2026-09-03 13:05:56.967000+00:00,1,0,"Idk when ""PSL"" for Pumpkin Spice Latte became a thing but I always think Party for Socialism and Liberation before I do a latte"
at://did:plc:nmfi4av3jr2zejhgeg7hu2v3/app.bsky.feed.post/3mumjqqrpw22v,user_103,2026-09-03 13:14:10.199000+00:00,10,0,"My first PSL of the year as tradition dictates on Thursday of #dragoncon.  I am listening to High Gloom, the next book in the Bad Guys series  for me.  #psl #pumpkinspicelatte #starbucks #booksky 📚💙 🎧📚  ☕️ #litrpg 🪐📚"
at://did:plc:5goslz5l3ggwpoxqtneh5fjc/app.bsky.feed.post/3mumlhwl7p22n,user_036,2026-09-03 13:45:01.797000+00:00,3,0,I am such a sucker for this kind of lighting. Does that make me basic? I don't care. I'm going to drink my pumpkin spice latte and admire the lighting.
at://did:plc:k7j4imxwsbuq4h2rjclyegjc/app.bsky.feed.post/3mumns7qlgc2g,user_044,2026-09-03 14:26:34.437000+00:00,8,0,the fuji apple/ginger red bull is my pumpkin spice latte tbh
at://did:plc:376k4gtq53sdrj4ehzrktklp/app.bsky.feed.post/3mumsycxtg22m,user_068,2026-09-03 15:59:27.856000+00:00,1,0,"I made my own pumpkin spice creamer last week, and honestly? It was better than Starbucks. I unabashedly love pumpkin spice flavored stuff; there's a reason my roller derby name is ""Punchin' Spice Latte""."
at://did:plc:iiz3vwuilctkmmzxdrimuxvy/app.bsky.feed.post/3mun2c3knic2u,user_040,2026-09-03 18:10:11.820000+00:00,0,0,Pumpkin spice latte season brings out Dennis Miller-level attempts at humor in people who weren't funny to begin with. 💤
at://did:plc:5o32zxysemtpkq46wynxr4dp/app.bsky.feed.post/3mun3dbtnu22g,user_115,2026-09-03 18:28:45.705000+00:00,25,0,"anyway, GOOD MORNING
i love being basic ﹠ getting a pumpkin spice latte before work ♡ 🍂"
at://did:plc:kpcxe2f2g7ylnj46d7kygfih/app.bsky.feed.post/3mun4rkwfos2m,user_083,2026-09-03 18:54:38.728000+00:00,8,0,"It’s September, so the autumn wreaths and pumpkins are coming out. 🍂🎃 Add cozy slippers, a pumpkin spice latte and a candle or two, and I’m in my happy place. ☕️🍁"
at://did:plc:t2t3ndlvicozvov7emnsjqv7/app.bsky.feed.post/3muncosi7dk25,user_108,2026-09-03 20:40:28.443000+00:00,4,2,"Made a pumpkin spice tea latte with some black tea, coconut milk and pumpkin I had left from a vegan pumpkin bread recipe, spices, and sugar. Yum!
(found this GIF here, but checked for artist, which I think is here: lizaisalazycat.tumblr.com)"
at://did:plc:e6fsal34o37y2w2th3ujhcd2/app.bsky.feed.post/3munexx3xdc2w,user_065,2026-09-03 21:21:22.665000+00:00,3,0,first pumpkin spice latte of the season 🤭🎃 #starbucks
at://did:plc:7rntykj52r5mu4wuisymwiu2/app.bsky.feed.post/3munio6vdt22g,user_080,2026-09-03 22:27:30.347000+00:00,4,0,@user going off about kick returns? Well pass me a pumpkin spice latte it is football season.
at://did:plc:mqdmrmimninui2n6dqzufjwk/app.bsky.feed.post/3munm3izcwc2m,user_138,2026-09-03 23:28:38.402000+00:00,9,0,"You know what? I’m not holding back anymore!

I am a MAN and I will NOT apologize!

I will drink my PUMPKIN SPICE LATTE and read my SLOW BURN COZY FANTASY ROMANCE NOVEL BY SARAH BETH DURST with a SCENTED CANDLE and a COZY 5XL MICROFLEECE HOODIE"
at://did:plc:rw46cd44sp3322d5jmvhan56/app.bsky.feed.post/3munrqiqem22a,user_085,2026-09-04 01:09:51.463000+00:00,15,5,"sketch. POV: you got her a pumpkin spice..""oh. thanks. you didn't have to do that."""
at://did:plc:voi6z5fwxxhlfhxuz2ap7g2m/app.bsky.feed.post/3munwmypxcs2e,user_078,2026-09-04 02:37:22.716000+00:00,4,0,"Seeing summer off at Alki Beach with my annual Pumpkin Spice Latte from my favorite beach coffee shop in Seattle, Ampersand Cafe on Alki. And the very first Pumpkin Spice Latte brewed by Ampersand this season. Delish! 😋🎃🧋⛱️"
at://did:plc:qzwldioo4afr255pdz4fvh6x/app.bsky.feed.post/3muojno3ug22z,user_026,2026-09-04 08:17:46.219000+00:00,11,0,"Good morning, besties ☁️ first pumpkin spice latte of the season 🎃☕️✨️

Wishing you all an amazing Friday 🍂"
at://did:plc:ivi23zcn3xw6kthcafykdlsf/app.bsky.feed.post/3muomf273h22s,user_022,2026-09-04 09:06:38.148000+00:00,8,0,"Oh no! It’s a mayday situation in America! The pumpkin spice latte, our national fall beverage, is falling out of favor."
at://did:plc:xbgr3lbhf3jnl75amtei2dpx/app.bsky.feed.post/3muot3rs63s2d,user_140,2026-09-04 11:06:43.536000+00:00,0,0,Pumpkin spice latte and a cigarette is healing to me
at://did:plc:repcnbkxvsz4jbzrqjonnqs2/app.bsky.feed.post/3muouf3jgdk2n,user_016,2026-09-04 11:29:49.467000+00:00,4,0,"Me: *wakes up, sits up in bed, wide eyed* it's Pumpkin Spice Latte season"
at://did:plc:3y5jre2sn6jmcprb5qeyyfex/app.bsky.feed.post/3muowrxrqy22d,user_014,2026-09-04 12:12:49.241000+00:00,6,0,PYRO IN A BIG CHUNKY SWEATER WITH A BIG SCARF AND A PUMPKIN SPICE LATTE IN HAND AAAAAAARRRRRGGGGHHHHHHHHHHHHHHH
at://did:plc:6yhufppacp6edof6f5vmwn7h/app.bsky.feed.post/3muoxc7h2oc2v,user_136,2026-09-04 12:21:54.147000+00:00,4,0,Tfw you’re on the verge of a breakdown first thing in the morning but you just buy a pumpkin spice latte and listen to Kendrick Lamar and lock in (the coffee was kinda mid idk why some make it their personality)
at://did:plc:fbetjoycu3ik4kbtev5f6rco/app.bsky.feed.post/3muoykev2r22l,user_029,2026-09-04 12:44:22.024000+00:00,8,0,Woke up to flowers (thank you!!!!) & went to order Starbs & got so excited for my 1st Pumpkin Spice latte of the season as I somehow forgot those existed outside New England. 🌲
at://did:plc:uka2f76poiogaoy6lk72i27o/app.bsky.feed.post/3muoyo5rygc2b,user_019,2026-09-04 12:46:28.806000+00:00,0,0,the roast I wanna give you over pumpkin spice latte
at://did:plc:hwsryvmqq3gfkvismcprcjnz/app.bsky.feed.post/3muozdmvlws2t,user_105,2026-09-04 12:58:29.293000+00:00,19,3,"It's September. There's a chill in the air (sorta). I'm drinking an Iced Pumpkin Spice Latte. All I can think about is the Caterpuppy from HOUSE II: THE SECOND STORY. 

LOOK AT MY BEAUTIFUL BABY BOY"
at://did:plc:4uqzdijb5ndnhttyak2xk6hc/app.bsky.feed.post/3muozogyw3s2i,user_141,2026-09-04 13:04:32.211000+00:00,12,0,"pumpkin spice latte, but i want it FREEZING though 💜"
at://did:plc:xx22n46j2jglyas2iz7qfi4h/app.bsky.feed.post/3muozsm53c22p,user_054,2026-09-04 13:06:51.808000+00:00,1,0,A pumpkin spice latte for me please- thank you!
at://did:plc:rd6p6hqk7aubywbiowd45unp/app.bsky.feed.post/3mup2cymoic2u,user_143,2026-09-04 13:16:01.768000+00:00,0,0,"Good morning, traffic fam! We're seeing some morning drizzle in a few places, so watch for slick spots and give yourself enough following distance. Looks like a nice morning for a good latte, before pumpkin spice takes over everything.🎃"
at://did:plc:j3ya4kgw5u764z2bxtfiyvd6/app.bsky.feed.post/3mup4r7tz4s25,user_100,2026-09-04 13:59:46.599000+00:00,1,0,"Who says they're hipsters? Lots of us like a coffee when we're out and about. Nowadays even Greggs do 12 different hot drinks! Their latest- Regular Pumpkin Spice Latte with Salted Caramel Drizzle
www.greggs.com/menu?categor..."
at://did:plc:cqqcfmzheeqfwfzi23blt5vl/app.bsky.feed.post/3mup4zmcgok2y,user_111,2026-09-04 14:04:28.075000+00:00,16,2,First pumpkin spice latte of the season at Penllergare Valley Woods. Happy Halloween! 🎃🍂
at://did:plc:uknrnschzyg2ngphjmkvq3lc/app.bsky.feed.post/3mup5k6h4sc2s,user_153,2026-09-04 14:13:43.984000+00:00,2,0,Currently eating pumpkin spice Cheerios with pumpkin caramel coffee and a pumpkin spice latte candle burning
at://did:plc:psiam3q7zjd4hdfn44ao644r/app.bsky.feed.post/3mup6dyn2hs2z,user_066,2026-09-04 14:28:10.304000+00:00,7,2,Start off the fall with a brunch! Pumpkin spice latte with a sausage biscuit and a slice of pound cake.
at://did:plc:h4h6n23odemgxyjqg7lwih6k/app.bsky.feed.post/3mupa427en22w,user_152,2026-09-04 14:59:31.005000+00:00,1,0,"Yes! Thank you for sharing this! I’m not completely against spice, but I prefer mine in pumpkin pie and latte form rather than book"
at://did:plc:btgwoh5fon42gag4lzvvgrzv/app.bsky.feed.post/3mupajxzk7k26,user_025,2026-09-04 15:07:18.478000+00:00,1,0,"[ #ooc ]
save me pumpkin spice latte"
at://did:plc:qbuh3d2srebff4d3mfkng6gw/app.bsky.feed.post/3mupax4rwks2p,user_011,2026-09-04 15:14:39.678000+00:00,4,0,I need a pumpkin spice iced latte STAT
at://did:plc:vnk6hkr2ne5ks3wki4abzn43/app.bsky.feed.post/3mupfsp356227,user_104,2026-09-04 16:41:39.787000+00:00,2,0,"Coworkers saved the day by baiting me with a trip to get my first pumpkin spice latte of the season, tea, and the Halloween issue of Rue Morgue🙌🏻"
at://did:plc:emqefgvoc7imehv44bony4jb/app.bsky.feed.post/3mupfw23n5k2g,user_129,2026-09-04 16:43:32.004000+00:00,0,0,ngl don’t think i’m pumpkin spice girl because i’m not feeling this latte….
at://did:plc:jctiuy2sovbonb7qftrxh6qr/app.bsky.feed.post/3mupgh2b5l227,user_089,2026-09-04 16:53:02.613000+00:00,0,0,"Did you mean Pumpkin Spice Latte; Sweater Weather and Black Friday Month season?

No. I thought not."
at://did:plc:gksqcdeguaoplw4ngzpn3ire/app.bsky.feed.post/3muppvk6fyk2y,user_131,2026-09-04 19:42:12.731000+00:00,6,0,Charmed by the guy in Starbucks who sold me my pumpkin spice latte actually being dressed as a pumpkin. I hope he has a really good week.
at://did:plc:gveabwl4l62dgsda2cdaryry/app.bsky.feed.post/3mupt36fldk2n,user_128,2026-09-04 20:39:02.943000+00:00,2,0,Does anyone else remember when Double Scorpio did a batch of Pumpkin Spice Latte ones?
at://did:plc:yxrbw25v2csdbl7msrhbyvuc/app.bsky.feed.post/3muq2hz5d6c2i,user_127,2026-09-04 22:51:29.826000+00:00,2,0,Pictured: black espresso i made to wash my mouth out after drinking a pumpkin spice latte with zero sugar syrup
at://did:plc:c3ceuiheixuczbjdd4ku6bww/app.bsky.feed.post/3muq64nwzsc24,user_067,2026-09-04 23:56:43.958000+00:00,1,0,Which seasonal drink do you prefer: pumpkin spice latte or apple cider?
at://did:plc:zzbbnorja4ft7axd6vtwxbdk/app.bsky.feed.post/3murcdonzhc2d,user_074,2026-09-05 10:44:54.295000+00:00,1,0,I drank a pumpkin spice latte for the first time
at://did:plc:gi5gurst3htbfiarbfpuls2i/app.bsky.feed.post/3murigqy3dk2x,user_023,2026-09-05 12:33:59.837000+00:00,1,0,Happy pumpkin spice latte season to all those who celebrate!
at://did:plc:2azwjoq74hjp77osm3rkhjfu/app.bsky.feed.post/3muroff3qw226,user_097,2026-09-05 14:20:36.263000+00:00,7,0,PSL with cheesecake cold foam 🧙‍♀️
at://did:plc:zbzdrtmiwn4tb6rh6hatqgt3/app.bsky.feed.post/3murorqt2is2d,user_050,2026-09-05 14:27:31.223000+00:00,23,0,I want my pumpkin spice latte today
at://did:plc:4ikvi2oh5sy2cocyukv2g4v5/app.bsky.feed.post/3murrebxcz22n,user_073,2026-09-05 15:13:40.650000+00:00,0,0,"I haven’t seen too many basic biatches celebrating pumpkin spice season starting, but maybe it’s been too hot. 
While not everything should be pumpkin spice (looking at you skyr), I do love my homemade pumpkin spice latte. Much better than the popular big box beverage."
at://did:plc:wm64pf4mypshxfl6w4vwxakw/app.bsky.feed.post/3murrjwabhc2k,user_061,2026-09-05 15:16:49.689000+00:00,9,1,"Why stop at pumpkin spice?
I want a haunted candy corn latte with real bones on top."
at://did:plc:jebe33tgngjuov5i6h5vhcpw/app.bsky.feed.post/3mursq3tifk2d,user_122,2026-09-05 15:38:10.618000+00:00,0,0,"Aw pumpkin, tis the season.

FINALLY!

This is my first cup of a pumpkin drink this year. No, it's not pumpkin spice. Rather, it's a Pumpkin Pie Sauce (aka syrup) thing Costello's Cafe makes in house. It's delicious!

#pumpkinspice #fall #autumn"
at://did:plc:ir5wi7szideu2ji6an5ka4vs/app.bsky.feed.post/3murt5fv6ps6y,user_142,2026-09-05 15:45:37.379000+00:00,1,0,"1, I used to think there was pumpkin on it until I ordered a pumpkin spice latte"
at://did:plc:4etumil4pk4lnudezbn5nms2/app.bsky.feed.post/3murudio3zc2i,user_051,2026-09-05 16:06:55.354000+00:00,8,0,"I finally had the ultimate white girl drink

Pumpkin Spice Latte from Starbucks

And uhm idk it's a drink lmeow, honestly I think it's nyot sugary enough for me lmeow"
at://did:plc:sxjlp66lg7s3mepva5asrmlz/app.bsky.feed.post/3murw5kkvbk27,user_021,2026-09-05 16:39:23.506000+00:00,0,0,"Wednesday, September 2, 2026 . . . listen, Pumpkin Spice Latte, don’t even think about it . . . ❤️❤️❤️ you . . . ❤️❤️❤️ to all!!! 💕💕💕 . . . #ohcarrie #ownit #iamaluckygirl #loveeachday #livingeachday #lipsticklesbian #LivingMyBestGirlLife #pride #lgbtq+ #girlslikeus #mylifeinfiveinchheels 🌈 🏳️‍⚧"
at://did:plc:gzqqqmajovjeuvdg6jvpke6y/app.bsky.feed.post/3murw6rrvgk2o,user_148,2026-09-05 16:40:04.634000+00:00,0,0,GUYS THE PECAN CRUNCH LATTE IS BACK. this is my pumpkin spice latte lol.
at://did:plc:f4pgk5dylatrdicodqpdq5yg/app.bsky.feed.post/3murwq5u3ik2x,user_059,2026-09-05 16:49:47.715000+00:00,0,0,Did Starbucks just make Deceptacon by Le Tigre the anthem of Pumpkin Spice Latte?
at://did:plc:anuwjovovrk3anljo3grrirp/app.bsky.feed.post/3murxkdxaf22a,user_086,2026-09-05 17:04:26.465000+00:00,1,0," The concrete mixer *finally* left 2 hours later, but I'm too awake now to attempt falling asleep again. ::sigh::

I'll either need a nap later or crash early tonight, but since sleep's not happening, I'm going to embrace the caffeine & make my first PSL of the season! Let's do this!"
at://did:plc:pcrm5phwsn4howi6iczij66j/app.bsky.feed.post/3murxroxjsc2t,user_121,2026-09-05 17:08:32.950000+00:00,1,0,If i see a pumpkin spice latte with it in triple digits I'm going to cry
at://did:plc:pshpxkdwxb62hjv7xdvhn3se/app.bsky.feed.post/3mus344xxmc26,user_151,2026-09-05 18:08:04.406000+00:00,5,0,banana bread latte > pumpkin spice latte
at://did:plc:q5apqttegasr4achhrdzjw3i/app.bsky.feed.post/3mus4jjbvms2z,user_124,2026-09-05 18:33:27.266000+00:00,1,0,Getting my pumpkin spice latte *right now*!
at://did:plc:l7mguszujauete67323qcgje/app.bsky.feed.post/3mus54xqj522o,user_076,2026-09-05 18:44:19.964000+00:00,0,0,Working on plotting with a plot twist: a pumpkin spice latte instead of my usual black coffee.
at://did:plc:jqmbmugerh27m6jibhuf5z5y/app.bsky.feed.post/3mus6ud2je22x,user_088,2026-09-05 19:15:17.319000+00:00,0,0,Pumpkin spice latte 🎃 basic white girl fall here we goooo 🍂
at://did:plc:sjmoa2pllln3m7wwz4webtph/app.bsky.feed.post/3musdn25zqk2o,user_028,2026-09-05 20:40:41.827000+00:00,1,0,"I'll get the snacks ..I even got some pumpkin latte candles..

Lemme just get them~"
at://did:plc:3b2ef2lncx4nf3ywotk5hmsl/app.bsky.feed.post/3muse2af66s2b,user_145,2026-09-05 20:48:04.557000+00:00,0,0,Got a tim hortons pumpkin spice ice latte and its sucks. To better guys
at://did:plc:2sgcxxie2jh4a2ejcbsab3d3/app.bsky.feed.post/3museqlsrvc2b,user_012,2026-09-05 21:00:34.735000+00:00,1,0,I got a pumpkin spice iced latte so I’ll double that 😂
at://did:plc:kgargksr4i2ehgvu2sp7tt2m/app.bsky.feed.post/3musf644ud22t,user_120,2026-09-05 21:08:08.051000+00:00,2,2,"Spooky season is upon us pumpkin spice chai latte Halloween decorations Mike Myers

Oh but wait some people are living on the street TRYING TO GET ONE BASIC MEAL and maybe a van so as not to sleep outside anymore 

Each of you please give him 5 USD 

$joeynova24
@joeynova42

🎃🎃🎃🎃🎃🎃🎃🎃🎃🎃🎃🎃🎃🎃"
at://did:plc:cogf37yyctibcpmw2zeyrmev/app.bsky.feed.post/3muspnkkvqs2l,user_062,2026-09-06 00:15:43.924000+00:00,5,0,"For some people, fall is pumpkin spice latte season. For me it’s chaider season"
at://did:plc:gw4ku4nituwjp3jndeyn7cpz/app.bsky.feed.post/3musqobzy422q,user_130,2026-09-06 00:34:02.280000+00:00,8,1,"The only reason anyone should give someone grief about enjoying a pumpkin spice latte is if it’s from Starbucks.

Beyond that, shut your joy-vacuum of a mouth and let people enjoy their seasonal treats. 

(I personally prefer a good cider, but I stand in solidarity with my pumpkin spice pals.)"
at://did:plc:2x2ij7t5x7lh3bxn3pctfzen/app.bsky.feed.post/3musvxrecjk2i,user_032,2026-09-06 02:08:49.047000+00:00,3,0,making a pumpkin spice latte in one of these babies and slopping it all over myself trying to drink it
at://did:plc:pasdf3txcs6gr7jwg7s36c43/app.bsky.feed.post/3mutvyyex722m,user_099,2026-09-06 11:42:09.698000+00:00,6,0,A paper cup that used to contain pumpkin spice latte
at://did:plc:ijhdmoalosscngqjdtmgx2rr/app.bsky.feed.post/3muu3lmyzek2d,user_043,2026-09-06 13:22:04.019000+00:00,2,0,me after ordering one (1) pumpkin spice latte
at://did:plc:z6fbzkz6ls2osofdte5rt35y/app.bsky.feed.post/3muu5culw2s2k,user_154,2026-09-06 13:52:57.457000+00:00,1,0,"*Pumpkin spice latte, Viking style (for any day when more caffeine is definitely needed)"
at://did:plc:eeru2pizsxoz7eor22dsiuqj/app.bsky.feed.post/3muu7t7iwhk2g,user_119,2026-09-06 14:37:53.261000+00:00,1,0,Woke up to rain this morning and I automatically thought of you!! I made myself an iced protein pumpkin spice latte in your honor!
at://did:plc:otomysmc3zjn2sxcadmra5cu/app.bsky.feed.post/3muuchmrny224,user_133,2026-09-06 15:25:05.753000+00:00,0,0,"i had my first pumpkin spice latte of the season yesterday, it was yumny i luv PSL"
at://did:plc:s6vtjpveitttnuuprsjo2ij3/app.bsky.feed.post/3muueyagii22p,user_010,2026-09-06 16:10:10.713000+00:00,4,0,"It was quite chilly yesterday our high was 10 degrees, today 15. Another day we can enjoy a nice hot chocolate or pumpkin spice latte. 🍂"
at://did:plc:5zxcawdegy3kdpphixua5rwr/app.bsky.feed.post/3muufki3ofk2g,user_070,2026-09-06 16:20:22.719000+00:00,0,0,Starbucks should’ve done more about climate change because no amount of advertising for the pumpkin spice latte can tempt me when it’s 90 degrees out.
at://did:plc:k3sbqglofviqrxja2kwzcjj3/app.bsky.feed.post/3muugjhygis2j,user_057,2026-09-06 16:37:42.806000+00:00,1,0,Wow got promoted! I think I shall in solidarity have a pumpkin spice latte.
at://did:plc:o2e2gcpajxgixratktfvifqv/app.bsky.feed.post/3muukubrxuk26,user_106,2026-09-06 17:55:20.369000+00:00,2,0,"No joking matter, I’m sweating too fr, but I def read pslf as “pumpkin spice latte funds”"
at://did:plc:zgoxhx66tad7khpz3zopqzhk/app.bsky.feed.post/3muuofguhbc2h,user_039,2026-09-06 18:58:37.345000+00:00,1,0,I wanted a pumpkin spice latte….
at://did:plc:zwmuak6jaisgognrocg5uqye/app.bsky.feed.post/3muupwxjvg22i,user_107,2026-09-06 19:26:18.993000+00:00,1,0,"Another colouring I did on ZenColor app

COLOURING PAGE TITLE: Pumpkin Spice Latte"
at://did:plc:hjjxqlbu23gd5wyiqbb5gyhz/app.bsky.feed.post/3muupxczrus2l,user_117,2026-09-06 19:26:31.046000+00:00,0,0,"112/365 - First Pumpkin Spice Latte of the year. - sambrentnallphoto.co.uk/project-365/...

#project365 #photographt #lovefuji #photographtheday"
at://did:plc:eenyvds6h3jdjdm2ypeyedyy/app.bsky.feed.post/3muusskud5k2q,user_109,2026-09-06 20:17:32.705000+00:00,24,8,"(Plurality art)
Io with his pumpkin spice latte"
at://did:plc:3awc6f2orurtpccg3l2ayr4v/app.bsky.feed.post/3muuv4giwak2x,user_084,2026-09-06 20:58:51.169000+00:00,0,0,"A question for non-baristas:

Have you ever been bothered by the smell of someone else’s pumpkin spice latte?"
at://did:plc:yh6uvrchittpdwpb4wsb23na/app.bsky.feed.post/3muuw2l5vuc24,user_139,2026-09-06 21:15:42.683000+00:00,19,2,"Drinking pumpkin spice lattes? Not for me.🙅🏻‍♀️🙂‍↔️

Looking like a pumpkin spice latte… 😛🙂‍↕️"
at://did:plc:d2dfbmgvys2zwbte4lerdb57/app.bsky.feed.post/3muuxplcy322m,user_053,2026-09-06 21:45:21.237000+00:00,3,0,"Why even bother with pumpkin spice anyways, could just get a nice chai latte instead, is my thoughts (i am biased because im a chai latte enjoyer)"
at://did:plc:vbothjduhtuczklv5vu3ykhp/app.bsky.feed.post/3muuzhqqepk2m,user_038,2026-09-06 22:16:45.965000+00:00,2,0,"That's definitely fine! They're woman founded and have a ton of fun flavors but I really like their Horchata, Espresso martini, and Hazelnut Latte the best! Then they do a pumpkin spice one for Halloween sometimes that's good!"
at://did:plc:mq3s5rrssj33xzb63rwum65o/app.bsky.feed.post/3muv2ul4x322z,user_055,2026-09-06 22:41:50.037000+00:00,1,0,I am interested I wanna try a pumpkin spice latte so bad LOL there's just nowhere close that has it near me
at://did:plc:h4ufhz6sbb6wclqsacpwese3/app.bsky.feed.post/3muvoht4nt22s,user_093,2026-09-07 04:32:37.044000+00:00,0,0,Bruh I ain't never had a pumpkin spice latte that has ever tasted good in my life
at://did:plc:kq3vel7n7w2ryj4ouiu7pqb3/app.bsky.feed.post/3muvsrb34qs22,user_147,2026-09-07 05:49:28.632000+00:00,0,0,minha vida vai entrar no eixo porque o pumpkin spice latte voltou
at://did:plc:l2uyarq7slxtcvkkpac7sh7g/app.bsky.feed.post/3muvvn2peik2f,user_132,2026-09-07 06:40:48.959000+00:00,3,2,I see Greggs have responded to the new climate normal in London by introducing the ICED pumpkin spice latte 🙄
at://did:plc:kknvnbul2yooa3kxfbxk7oqn/app.bsky.feed.post/3muvwbw5ekc2c,user_034,2026-09-07 06:52:28.819000+00:00,15,0,Ich hatte noch nie einen Pumpkin Spice Latte.
at://did:plc:ibgrjduwyfaz7akb6zke5mpa/app.bsky.feed.post/3muvylw6ugk2u,user_004,2026-09-07 07:33:51.891000+00:00,0,0,"First pumpkin spice latte of the year, watching Friends, and playing The Sims. ✨"
at://did:plc:7dzsowav4iqk6thfqg2o45ch/app.bsky.feed.post/3muvyqhzy3k26,user_123,2026-09-07 07:36:24.831000+00:00,0,0,I've had my Pumpkin Spice Latte for the day. I am ready to go. Let's see what this week throws at us all.
at://did:plc:lmkzmvv6sdxntwtyxpg7fqqq/app.bsky.feed.post/3muwh46cwb22x,user_096,2026-09-07 11:53:29.676000+00:00,1,0,can't wait to need a blanket late in the day while drinking my hot pumpkin spice latte and have soup for dinner
at://did:plc:yz2q47pv2tuehirhil4qb5cd/app.bsky.feed.post/3muwhdxr2xs2j,user_064,2026-09-07 11:57:51.235000+00:00,0,0,this iced pumpkin spice iced latte >>>
at://did:plc:pm5jbnf5y5dvdegikghfdc6z/app.bsky.feed.post/3muwk5ltmzs2j,user_045,2026-09-07 12:47:58.635000+00:00,5,0,"I’ll die on the hill that a pumpkin spice latte is a great drink. If you hate it, you hate fun. 

Also I don’t really vibe with Starbucks’s too much. When I make it at home I use a bit of nutmeg, cinnamon and just a dash of clove."
at://did:plc:bx43f3gwdttbfupnkvp7ytml/app.bsky.feed.post/3muwkl32y522h,user_098,2026-09-07 12:55:30.813000+00:00,8,0,"it was only 62F this morning, I can sense autumn approaching. So I went out and got a pumpkin spice hot latte xD"
at://did:plc:tkgwa6jllgqwnfn73jzvkbbp/app.bsky.feed.post/3muwnzytwqk2b,user_134,2026-09-07 13:57:33.023000+00:00,13,0,"Happy labor day! I think Im going to have my first Pumpkin Spice latte today. Im sorry, I cant hold out much longer 🦒"
at://did:plc:r36amjl35ceylm74xxhjbnqd/app.bsky.feed.post/3muwq652zmk2l,user_048,2026-09-07 14:35:39.153000+00:00,1,1,I hope tim is enjoying his protein pumpkin spice almond milk latte with peptide-laced cold foam
at://did:plc:7cvdn25ttntbtagvg2mxbeww/app.bsky.feed.post/3muwqcglxp22j,user_037,2026-09-07 14:38:03.365000+00:00,1,1,Had my first pumpkin spice latte of the season 😎
at://did:plc:ekgxd6mtd67bdouho2hksgcm/app.bsky.feed.post/3muwqrub7g22y,user_155,2026-09-07 14:46:40.989000+00:00,42,1,craving pumpkin spice latte
at://did:plc:l72izke74ftkpx57mwlijhpd/app.bsky.feed.post/3muwuki6nz226,user_002,2026-09-07 15:54:08.427000+00:00,9,0,The first thing I wanted to know about that trailer with Elizabeth Holmes and Nathan Fielder: how is she portraying herself in this? One frame reveals she is dressed like one of those lifestyle influencers who love to take fall photos with pumpkin spice latte and leaves.
at://did:plc:3wwvngur3tjqwruru7rordln/app.bsky.feed.post/3muwzgmuli22f,user_149,2026-09-07 17:21:27.832000+00:00,4,0,✨Guess who got their first pumpkin spice latte of the season?✨
at://did:plc:4mzuo2d3q3akwousoc4sihyt/app.bsky.feed.post/3mux476lca225,user_056,2026-09-07 18:10:59.192000+00:00,0,0,"A STARBUCKS DAQUI VOLTOU COM O PUMPKIN SPICE LATTE
A VIDA É BELA"
at://did:plc:mz5xm2zl54pevpvioymjjajd/app.bsky.feed.post/3mux4gkyxs22c,user_114,2026-09-07 18:15:07.097000+00:00,1,0,"New York — The Pumpkin Spice Latte might be too ordinary. McDonald's announced last week that the drink would be removed from its autumn menu for the first time in a decade. Instead, it will replace this classic fall beverage with another seasonal flavor"
at://did:plc:ggdzjwcobe2d7q2c5vwcugrv/app.bsky.feed.post/3mux5tu2nuk23,user_001,2026-09-07 18:40:26.514000+00:00,2,0,i need a pumpkin spice latte from dunkin after work BAD
at://did:plc:huski3mrlgmhybd4z4q3ogxr/app.bsky.feed.post/3mux6xum4vk2r,user_003,2026-09-07 19:00:35.078000+00:00,1,1,"I’m a huge pumpkin everything fan :p i make pumpkin pie, pumpkin cheesecake….and will devour pumpkin muffins local farm out here has really good ones), and yes, the pumpkin spice latte from Starbucks lol"
at://did:plc:ixj5q2qdmni36t3hb22xihe7/app.bsky.feed.post/3mux72ybkgc2s,user_095,2026-09-07 19:02:19.587000+00:00,0,2,"Salt Lake City, don't forget to get your ice cream today!

www.hotplate.com/icecreamsoci...

Pumpkin Spice Latte
Strawberry Fields Forever (with lemon brookie
Over the Moon Pie
Vegan Honeycomb
Vanilla Bean
Milk Chocolate
Mexican Hot Chocolate
Ceremonial Grade (matcha strawberry)
Pineapple Express"
at://did:plc:e57iv7yukq3vyhcbddhlchmu/app.bsky.feed.post/3muxguyluis2k,user_146,2026-09-07 21:22:08.528000+00:00,5,0,first latte art attempt of the season… i have not gotten any better LOLOL
at://did:plc:apqqv6j4pu7x5v6vzxhbuw3h/app.bsky.feed.post/3muxi2zbdls2e,user_125,2026-09-07 21:43:24.307000+00:00,14,0,"San Francisco I need you to chill out on the ""It's Pumpkin Spice Latte Season!"" when it is clearly just the start of our true summer."
at://did:plc:nj7iog6v4yov2e7tctmwq6n3/app.bsky.feed.post/3muxi5vuczk2l,user_063,2026-09-07 21:45:01.399000+00:00,1,0,And fake flavoring of pumpkin spice latte etc is gross anytime!!
at://did:plc:hstv7pho2ckhck6dw2epmfjy/app.bsky.feed.post/3muxinsprdk2x,user_135,2026-09-07 21:53:54.975000+00:00,2,0,Did you stop for a pumpkin spice latte?
at://did:plc:wn7khqmzkrykxzikw4dxqscq/app.bsky.feed.post/3muxkub3g3k2d,user_033,2026-09-07 22:33:18.844000+00:00,1,0,Watching Jurassic Park with a pumpkin spice iced latte & pumpkin munchkins. The price for the latte & pumpkin munchkins is in no way justifiable (can barely afford it) but I just deserved a treat.
at://did:plc:u6hnihauuraongzh7r5vvhme/app.bsky.feed.post/3muxxlddmsk2o,user_081,2026-09-08 02:20:57.867000+00:00,0,1,"🎃☕ FREE PUMPKIN SPICE LATTE - SEPT 8
#Dunkin’ is giving away a FREE Pumpkin Spice Signature Latte, Sept. 8! 🍂 Get yours hot or iced with a qualifying purchase from 2–6 PM at participating locations. 😋🎃
parade.com/news/dunkin-...
#MilitaryandVeteranDiscounts #PumpkinSpice #FreeLatte #CoffeeDeals"
at://did:plc:27xjxedobgjcpvktsas625u5/app.bsky.feed.post/3muxzrjqagc2k,user_049,2026-09-08 03:00:13.381000+00:00,2,0,"""There's only one Pumpkin Spice Latte.""

Starbucks, I hate to tell you but there are literally hundreds of them."
at://did:plc:4lfutib3wwgxggats646umd7/app.bsky.feed.post/3muxzzvxsas2r,user_091,2026-09-08 03:04:54.646000+00:00,1,0,"Ok so maybe the site is just catching a wibble wobble in general tonight? Replies are showing as black boxes, feeds are stuck in limbo. Ugh.

I just, I dunno, need hope, and a pumpkin spice latte, you know?"
at://did:plc:yafuvwclr6dud3r5yiqpxtw2/app.bsky.feed.post/3muy6fpbehc2e,user_110,2026-09-08 04:23:05.237000+00:00,13,10,"Wren’s Cafe is open for Pumpkin Spice day!!! 🎃🍂 

Grab a latte and a record and enjoy the start of the fall season creeping in!

🎃Slots are 💲4️⃣5️⃣ a slot! 
🍂Comment/DM with what slot number you want and I’ll toss ya in! 
#rensstudios #furryart #furryych #furry"
at://did:plc:2jmbo7ejdhcmoszzmm5ltevr/app.bsky.feed.post/3muyi7r6qo22c,user_006,2026-09-08 07:18:43.305000+00:00,8,2,"Woke up to this very sweet surprise from @user 🧡💚

(I have a very normal relationship to pumpkin spice latte, I swear)"
at://did:plc:gj6yz6xj4hjwbpdk7bwurjww/app.bsky.feed.post/3muyvqrzwq22x,user_007,2026-09-08 11:20:53.304000+00:00,1,0,No pumpkin spice latte shall be formed against me ☕
at://did:plc:kjr5nj3ene2l7idbkvlxvm6q/app.bsky.feed.post/3muywndmcq22n,user_015,2026-09-08 11:36:51.257000+00:00,1,0,Pumpkin spice latte
at://did:plc:rnudz2xas3r74f6zcniiawmi/app.bsky.feed.post/3muz5vfcey225,user_060,2026-09-08 13:46:37.653000+00:00,6,0,"It's here ~ The unofficial beginning of fall. Which means you can now get some fall vibes with my Autumn Leaves Trio, only available online for $50. There's also a lovely coffee mug, perfect for your hot cider or pumpkin spice latte. On sale $18. 

#psl #fallvibes #autumn #art 

🔗 tr.ee/gzENVqdR2c"
at://did:plc:jsxyxuljhssmjwdhmdgexuhk/app.bsky.feed.post/3muzcbhzwbc2n,user_005,2026-09-08 15:04:58.144000+00:00,1,0,🤔 maybe today is the day for my once a year pumpkin spice latte that I regret choosing after the first sip
at://did:plc:uikf2pc3bheo7r47p2mrmuvm/app.bsky.feed.post/3muzdcknook2t,user_024,2026-09-08 15:23:28.187000+00:00,0,0,"FREE Pumpkin Spice Signature Latte at Dunkin' - Today
www.mysavings.com/free-samples..."
at://did:plc:tcxlfailcvpxnmwf5wz6hrnx/app.bsky.feed.post/3muzechkrss2o,user_042,2026-09-08 15:41:18.687000+00:00,1,0,Yesterday I learned my dad is a pumpkin spice latte guy.
at://did:plc:5xnsq3clubaxwdbipydkaoqt/app.bsky.feed.post/3muzefgmyfk2k,user_077,2026-09-08 15:42:58.369000+00:00,0,0,"PSL person? Me not so much but I AM into freebies so...here:
Free medium Pumpkin Spice Signature Latte with a qualifying purchase from 2-6 p.m. today at participating Dunkin' locations. With purchase of a Qualifying Item; excluding individual Munchkins or a cup of water."
at://did:plc:gihpcchh53txzo5w7jjalt25/app.bsky.feed.post/3muzjp7kso22z,user_030,2026-09-08 17:17:55.214000+00:00,0,0,Dunkin' is fiving away a Free medium hot or iced Pumpkin Spice Signature Latte today to Dunkin' Rewards members.
at://did:plc:niabroqnavrstpt7aoc35r22/app.bsky.feed.post/3muzkzwghmc2s,user_009,2026-09-08 17:41:48.476000+00:00,8,0,Drinking a cheap instant pumpkin spice chai latte that actually tastes better than expensive drive through coffee
at://did:plc:k57lz6q32ghp7kjxknhlv6s2/app.bsky.feed.post/3muzlcpqc7c27,user_013,2026-09-08 17:46:43.447000+00:00,24,0,"First Pumpkin Spice Latte of the season bb ☕🍂

I mean a fleet of copters had to airlift in the XXXXXXXXXXXXL sized cup but details details"
at://did:plc:qejcm2vljx2ewipiiyhamjdg/app.bsky.feed.post/3muznaabfis24,user_008,2026-09-08 18:21:07.562000+00:00,2,0,"There's a big storm happening outside my windows, I'm currently curled up in my comfy chair underneath a soft blanket with a book in my lap and a large pumpkin spice latte next to me, and the room is lit by fairy lights and candles only. It's a reader's dream and I'm living it ⛈️🍁✨️🤎"
at://did:plc:drych54stcoroayzoh37cfft/app.bsky.feed.post/3muzo546ij226,user_035,2026-09-08 18:37:16.396000+00:00,1,1,there's a pumpkin spice latte on the menu but they're making me buy the adaptogen one
at://did:plc:bfcc45hhlj6aki6je6di6dcs/app.bsky.feed.post/3muzov6reik2w,user_126,2026-09-08 18:50:44.417000+00:00,8,0,"Need a trenta, no foam, five-shot half-caf, no foam pumpkin spice latte with no foam at 210 degrees"
at://did:plc:jcko372wqhjb3wbtfybssgyj/app.bsky.feed.post/3muzqomtyrs2j,user_157,2026-09-08 19:22:51.782000+00:00,1,0,"If it really is all that … how is it only one solitary dollar more expensive than their pumpkin spice latte??? 

What is happening here"
at://did:plc:oe2b7vl3um6lx3ywvlz42dzs/app.bsky.feed.post/3muzrkxhuo22m,user_094,2026-09-08 19:38:42.444000+00:00,0,0,"🎃 PUMPKIN’S ON DUNKIN’ TODAY! ☕🧡

This is your excuse for an afternoon coffee run because TODAY ONLY you can grab a FREE Medium Pumpkin Spice Signature Latte with any purchase! 🙌

⏰ 2 PM–6 PM only
🎃 Medium Pumpkin Spice Signature Latte
💕 FREE with purchase"
at://did:plc:i5db7utxoq6u5e6sd5zkhsrs/app.bsky.feed.post/3muzrqwj2qc2n,user_113,2026-09-08 19:42:02.765000+00:00,4,0,"At least it's pumpkin spice latte season, the best time of the year. 

I know what I like."
at://did:plc:s7p4yt4byrpmz4ojwo7jfuhr/app.bsky.feed.post/3muzsgmxa4c2h,user_082,2026-09-08 19:54:10.940000+00:00,3,0,"I've been avoiding Starbucks for... years, maybe? I love my local coffee shops and am a known regular at like three of them now. It's fine. It's *fine.* Their coffee is not good and their chai latte mix is icky and their pumpkin spice mix gives me a headache. Locals are *all over*."
at://did:plc:u4idfmgus7chwanshvxjemsc/app.bsky.feed.post/3muzwt2x3oc2m,user_137,2026-09-08 21:12:43.238000+00:00,1,0,Gonna enjoy themselves some hot pumpkin spice latte after 🎃☕
at://did:plc:ur7ctmiplc4bzkza5qky3ywg/app.bsky.feed.post/3muzyyvzt7k2p,user_112,2026-09-08 21:51:46.892000+00:00,1,0,Love me a pumpkin spice latte
at://did:plc:gnqrx3keehxv3bnfchzkvuts/app.bsky.feed.post/3mv2a37e3jc2b,user_058,2026-09-08 23:58:19.965000+00:00,6,1,Four days of shoveling have forcibly reminded me why I no longer do this for a living. I'm only capable of remaining vertical because my blood is currently 38% pumpkin spice latte by volume.
at://did:plc:pwilttbxrwftp2r6eoxryftt/app.bsky.feed.post/3mv2inaz3h22f,user_027,2026-09-09 02:31:35.601000+00:00,2,0,Got the sudden craving of a pumpkin spice latte… fall is really here…
at://did:plc:obwqjysl4ljk2rkwgwmtyvb6/app.bsky.feed.post/3mv2mduzzac22,user_102,2026-09-09 03:37:56.023000+00:00,1,0,Pumpkin Spice Latte Season 🎃✨
at://did:plc:cc5h3j2ehs4prif7mnsfoqqe/app.bsky.feed.post/3mv2rryg2uu2e,user_072,2026-09-09 05:15:17.794000+00:00,1,0,Who needs mistletoe when you've got a pumpkin spice latte? Check out my #standalone #contemporary #reverseharem #romance Moonstone: books2read.com/moonstoneJC #rh #whychoose #christmas #holiday #lovestory #oneclick #novella
